{
  "version": 1,
  "author": "Uri Shaked",
  "editor": "wokwi",
  "parts": [
    {
      "type": "board-esp32-devkit-c-v4",
      "id": "esp",
      "top": 9.6,
      "left": -100.76,
      "attrs": { "env": "micropython-20231005-v1.21.0" }
    },
    {
      "type": "wokwi-pushbutton",
      "id": "btn1",
      "top": 121.4,
      "left": 76.8,
      "attrs": { "color": "green", "xray": "1" }
    },
    {
      "type": "wokwi-lcd1602",
      "id": "lcd1",
      "top": -99.2,
      "left": 82.4,
      "attrs": { "pins": "i2c" }
    },
    {
      "type": "wokwi-pushbutton",
      "id": "btn2",
      "top": 188.6,
      "left": 57.6,
      "attrs": { "color": "red", "xray": "1" }
    },
    {
      "type": "wokwi-resistor",
      "id": "r1",
      "top": 91.2,
      "left": 9.05,
      "rotate": 90,
      "attrs": { "value": "1000" }
    },
    {
      "type": "wokwi-resistor",
      "id": "r2",
      "top": 91.2,
      "left": 28.25,
      "rotate": 90,
      "attrs": { "value": "1000" }
    }
  ],
  "connections": [
    [ "esp:TX", "$serialMonitor:RX", "", [] ],
    [ "esp:RX", "$serialMonitor:TX", "", [] ],
    [ "esp:3V3", "lcd1:VCC", "red", [ "h0" ] ],
    [ "esp:GND.2", "lcd1:GND", "black", [ "v-86.4", "h38.4" ] ],
    [ "esp:22", "lcd1:SCL", "green", [ "h28.8", "v-67.2" ] ],
    [ "esp:21", "lcd1:SDA", "green", [ "h28.8", "v-105.6" ] ],
    [ "esp:4", "btn1:1.l", "green", [ "h0" ] ],
    [ "esp:2", "btn2:1.l", "green", [ "h0" ] ],
    [ "btn2:1.l", "r1:2", "green", [ "h0" ] ],
    [ "btn1:1.l", "r2:2", "green", [ "h0" ] ],
    [ "r2:1", "lcd1:SDA", "green", [ "h0", "v-105.6" ] ],
    [ "r1:1", "lcd1:SDA", "green", [ "h0", "v-105.6", "h259.2" ] ],
    [ "btn1:2.r", "esp:GND.3", "green", [ "h48.2", "v-9.4" ] ],
    [ "btn2:2.r", "esp:GND.3", "green", [ "h48.2", "v-124.6" ] ]
  ],
  "dependencies": {}
}